<?xml version="1.0" encoding="UTF-8"?>

<ImageData xmlns="http://www.isapi.org/ver20/XMLSchema" version="2.0">
    <!--opt, object, 图像参数 , attr:version{req, string, 协议版本}-->
    <picType>
        <!--req, enum, 图片类型, subType:string, [binary#表单格式的二进制图片,url#url格式]-->binary
    </picType>
    <picUrl>
        <!--opt, picurl, 图片URL-->http://127.0.0.1
    </picUrl>
    <Rect>
        <!--opt, object, 目标框, desc:左上角为原点,当一张图片有多个人脸目标时,需要指定建模的目标-->
        <height>
            <!--req, float, 高度, range:[0.000,1.000]-->0.000
        </height>
        <width>
            <!--req, float, 宽度, range:[0.000,1.000]-->0.000
        </width>
        <x>
            <!--req, float, X坐标, range:[0.000,1.000]-->0.000
        </x>
        <y>
            <!--req, float, Y坐标, range:[0.000,1.000]-->0.000
        </y>
    </Rect>
</ImageData>
