<?xml version: "1.0" encoding="utf-8"?>
<FCSearchDescription>
    <searchID>068C1FE5-F03B-4A86-8B07-F1EE8DB4AAAF</searchID>
    <snapStartTime>${snapStartTime}</snapStartTime>
    <snapEndTime>${snapStartTime}</snapEndTime>
    <maxResults>${maxResults}</maxResults>
    <searchResultPosition>${searchResultPosition}</searchResultPosition>
    <FaceModeList>
        <!--opt, array, 人脸模型信息列表, subType:object-->
        <FaceMode>
            <!--opt, object, 人脸模型信息-->
            <ModeInfo>
                <!--opt, object, 模型信息-->
                <similarity>
                    ${similarity}
                </similarity>
                <modeData>
                    ${modeData}
                </modeData>
            </ModeInfo>
        </FaceMode>
    </FaceModeList>
</FCSearchDescription>